"Google","English","in the working copy of 'History.csv', LF will be replaced by CRLF the next time Git touches it","Korean","'history.csv'의 작업 사본에서 LF는 다음에 git을 만질 때 CRLF로 대체됩니다."
"Google","English","means that the VS Code task variables like %file%, %fileDirname%, etc., are not being replaced with your actual file paths. This is because in VS Code tasks, you should use ${file}, ${fileDirname}, etc. (with curly braces and a dollar sign), not the Windows batch-style %file%.
Your current tasks.json uses a cmd command with %file%, which does not work with VS Code's variable substitution.","Korean","%파일 %, %filedirname %등과 같은 VS 코드 작업 변수는 실제 파일 경로로 대체되지 않음을 의미합니다. 이는 대 코드 작업에서 Windows 배치 스타일 %파일 %가 아닌 $ {file}, $ {filedirname} 등 (곱슬 버팀대 및 달러 표시 포함)을 사용해야하기 때문입니다.
현재 tasks.json은 %파일 %가있는 CMD 명령을 사용하며, 이는 Code의 변수 대체와 함께 작동하지 않습니다."
"Google","English","[Window Title]
Cursor

[Content]
Unable to start debugging. Launch options string provided by the project system is invalid. Unable to determine path to debugger.  Please specify the ""MIDebuggerPath"" option.

[Open 'launch.json'] [Cancel]","Korean","[창 제목]
커서

[콘텐츠]
디버깅을 시작할 수 없습니다. 프로젝트 시스템에서 제공하는 런칭 옵션 문자열은 유효하지 않습니다. 디버거 경로를 결정할 수 없습니다.  ""MideBuggerPath""옵션을 지정하십시오.

[OPEN 'LANCE.JSON'] [취소]"
"Google","English","hight","Korean","하이트"
"Google","English","2. Possible Loopholes / Ambiguities","Korean","2. 가능한 허점 / 모호성"
"Google","English","Do not reflect any information inferred from the problem title, filename, comments, or problem description in code autocompletion, function/variable name suggestions, code structure proposals, or hints/explanations.","Korean","코드 자동 완성, 함수/변수 이름 제안, 코드 구조 제안 또는 힌트/설명에서 문제 제목, 파일 이름, 주석 또는 문제 설명에서 추론 된 정보를 반영하지 마십시오."
"Google","English","n Python, the built-in int type does not have a representation for infinity. Only floating-point numbers (float) can represent infinity, using float('inf').","Korean","n Python, 내장 INT 유형은 인피니티에 대한 표현이 없습니다. 부동 소수점 번호 (플로트) 만 플로트 ( 'inf')를 사용하여 무한대를 나타낼 수 있습니다."
"Google","English","If you need an ""infinite"" integer for comparison purposes, you should use float('inf') or a very large integer value (like 10**18) depending on your use case. For most algorithms, float('inf') is the standard way to represent infinity in Python.","Korean","비교 목적으로 ""무한""정수가 필요한 경우 사용 사례에 따라 Float ( 'inf') 또는 매우 큰 정수 값 (예 : 10 ** 18)을 사용해야합니다. 대부분의 알고리즘의 경우 float ( 'inf')는 파이썬에서 무한대를 나타내는 표준 방법입니다."
"Google","English","familiarity","Korean","정통

명사:
    정통 (legitimacy, familiarity, mastery, complete knowledge)
    친함 (familiarity)
    허물없음 (familiarity)
    치근치근하게 구는 짓 (familiarity)
    무엄하게 구는 짓 (familiarity)"
"Google","English","gentle introduction to Dart","Korean","다트에 대한 부드러운 소개"
"Google","English","expert","Korean","전문가

명사:
    전문가 (expert, specialist, watcher, judge, cutup, sharp)
    숙련가 (expert, practician)

형용사:
    숙련된 (expert, skilful, skillful, skilled)
    교묘한 (clever, adroit, daedal, felicitous, crafty, expert)"
"Google","English","fetches","Korean","가져옵니다

명사:
    술책 (fetch, tactics, tactic, art, finesse)
    가져옴 (fetch)
    범위 (range, scope, extent, area, reach, bounds)
    생령 (people, wraith, fetch)
    팔을 쭉 뻗기 (fetch)

동사:
    가지고 오다 (fetch)
    데리고 오다 (fetch)
    불러 오다 (fetch)
    나오게 하다 (fetch)
    내쉬다 (exhale, expire, fetch)
    해내다 (accomplish, go at, drive, fetch)
    잡은 것을 물어 오다 (fetch)
    돌아서 가다 (fetch)
    의식을 회복시키다 (fetch)
    추론하다 (reason, infer, ratiocinate, fetch)
    ...값에 팔리다 (fetch)
    ...의 마음을 사로잡다 (enthrall, enthral, fetch)
    ...에게 한대 먹이다 (fetch)
    도달하다 (arrive in, reach, come to, get to, attain, touch)
    명령을 인출하다 (fetch)
    가서 물건을 가지고 오다 (fetch)
    의식을 회복하다 (come to one's senses, fetch)
    체력을 회복하다 (fetch)
    체중을 회복하다 (fetch)
    진로를 잡다 (fetch)"
"Google","English","decodes","Korean","디코딩

동사:
    풀다 (unravel, unroll, unwind, unwrap, vent, solve)"
"Google","English","and the business logic","Korean","그리고 비즈니스 논리"
"Google","English","contained","Korean","포함

동사:
    있다 (have, be, be found, exist, consist, contain)
    담고 았다 (contain)
    들어가다 (enter, go in, contain, take away, drop in)
    억누르다 (constrain, repress, hold down, withhold, conquer, crucify)
    끼다 (fold, put on, hold, smoke, become dirty, draw on)
    포함하다 (yell inspired words, include, contain, comprise, comprehend, embrace)
    견제하다 (contain)"
"Google","English","static","Korean","공전

명사:
    공전 (revolution, static, stray, atmospherics, skidding, wages)
    격렬한 반대 (static)

형용사:
    정적인 (static)
    공전의 (static)"
"Google","English","it uses static type checking to ensure that a variable's value always matches the variable's static type.","Korean","정적 유형 확인을 사용하여 변수의 값이 항상 변수의 정적 유형과 일치하는지 확인합니다."
"Google","English","required","Korean","필수의

형용사:
    필수의 (required)"
"Google","English","often optional due to type inference","Korean","종종 유형 추론으로 인해 선택 사항"
"Google","English","Dart also has built-in sound null safety","Korean","Dart에는 또한 사운드 널 안전이 내장되어 있습니다"
"Google","English","despite","Korean","~에도 불구하고

명사:
    무례 (disrespect, despite, offense, incivility, discourtesy, indecorum)

접속사:
    또는 (or, despite)

부사:
    ...에도 불구하고 (despite)"
"Google","English","explicitly","Korean","명시 적으로"
"Google","English","annotating","Korean","주석

동사:
    주석을 달다 (annotate)"
"Google","English","declared","Korean","선언

형용사:
    선언한 (declared)
    언명한 (avowed, declared)
    신고한 (declared)"
"Google","English","demonstrated","Korean","시연

동사:
    논증하다 (demonstrate, argue)
    증명하다 (prove, testify to, verify, demonstrate, attest, certify)
    설명하다 (explain, illustrate, account for, explicate, demonstrate, treat)
    실물로 선전하다 (demonstrate)
    표시하다 (express, represent, denote, display, demonstrate, record)
    시위 운동을 하다 (demonstrate)
    시위 데모를 하다 (demonstrate)
    실지 교수로 가르치다 (demonstrate)
    군사력을 과시하다 (demonstrate)"
"Google","English","The function showcases several basic Dart language features","Korean","이 기능은 몇 가지 기본 다트 언어 기능을 보여줍니다"
"Google","English","async","Korean","비동기"
"Google","English","showcases","Korean","쇼케이스

명사:
    유리 진열장 (showcase)
    유리 상자 (glass case, showcase)"
"Google","English","initialization","Korean","초기화"
"Google","English","entrypoint","Korean","EntryPoint"
"Google","English","entry","Korean","기입

명사:
    기입 (entry)
    참가자 (participant, entrant, entry, participator, intrant)
    표제어 (entry, headword)
    들어감 (entry, entrance)
    입장권 (admission ticket, entrance, entry, ingress, pass check)
    점유 (occupancy, occupation, entry)
    들어가는 길 (entry)
    수록어 (entry)"
"Google","English","Perform","Korean","공연하다

동사:
    행하다 (hold, practice, perform, bear, practise)
    이행하다 (fulfil, fulfill, perform, discharge, switch over to, implement)
    임무 따위를 이행하다 (perform)
    약속 따위를 이행하다 (perform)
    공연하다 (perform, produce, represent)
    극을 공연하다 (perform)
    연주하다 (perform, play, descant, take)
    취주하다 (play, perform)
    재주를 부리다 (perform)
    동물이 재주를 부리다 (perform)
    작동하다 (operate, tick, act, behave, perform)
    기계가 작동하다 (perform)"
"Google","English","A graph G = (V, E) is a data structure where V is a finite set of vertices and E is a binary relation on V represented by a set of edges. Fig. 1 illustrates an example of a graph (or graphs).","Korean","그래프 g = (v, e)는 V가 유한 한 정점 세트이고 E는 가장자리 세트로 표시되는 v의 이진 관계 인 데이터 구조입니다. 그림 1은 그래프 (또는 그래프)의 예를 보여줍니다."
"Google","English","A free tree is a connnected, acyclic, undirected graph. A rooted tree is a free tree in which one of the vertices is distinguished from the others. A vertex of a rooted tree is called ""node.""","Korean","프리 트리는 핵심적인, acyclic, 거부되지 않은 그래프입니다. 뿌리 나무는 정점 중 하나가 다른 사람과 구별되는 자유 나무입니다. 뿌리 나무의 정점을 ""노드""라고합니다."
"Google","English","c
New chat
Q Search chats
Library
Cadex
Sora
GPTs
A1 Video Maker 8'
New project
Chats
Set a -n
OLED vs LCD
Baekiaan Online Jud X
4 10
1223
20
43
50
60
72
x
O
Set
=gpt-4-5
01 XIAI
x
iudqe.u-aizu.ac.ip/or
x
File
Edit
Selection
View
Go
ALDS1_7_3.py - Study_codes - Cursor
chatgpt.com/c/6850b6dd-7230-800b-8259
ChatGPT
4.5 v
-26991 d9464d2?modeI
01
solved.ac
01
2025_06 > Algorithm > AizuOnIineGudge > ALDS1_7_B.py
1
8 (child,
depth+l )
(sibling, same depth as 8)
O (sibling, same depth as
B)
I— E (child,
depth+l )
D Copy
D Copy
Google
•O Edit
•O Edit
mathematica
c
01
711+21 7111k
• +71
LangServe Ollama Vector DS ..
C + + at:an
FastAPl Flutter
I—hCHl
View plans
Unlimited access: team features,
and more
2.
21
Ask anything
+ o- Tools
74 A H
71121
OldhRHOl 77Æ.1-=
ChatGPT can make mistakes. Check important info.
-€4
9
Share
2025-06-17
v STUDY CODES
v 2025 06
v Algorithm
AizuOnIineGudge
C++ ALDSI
_1_D.cpp
C++ ALDS1_2_D.cpp
C+ ALDSI
_3_A.cpp
[5 ALDSI 3 D
C+ ALDS1_3_D.cpp
C+ ALDSI
C+ AL DS 1
_4_B.cpp
C++ ALDSI
_4_C.cpp
C++ AL DS 1
_4_D.cpp
C+ ALDSI
_5_A.cpp
AL DS 1
_5_a.py
C+ ALDSI
_5_C.cpp
Ü ALDSI
5 C.exe
AL DS 1
_6_A.py
AL DS 1
_6_C.py
ALDSI
_7_Apy
ALDSI
_7_a.py
C+ QQ.cpp
BaekJoan
2960.py
C+ multibus_18868.cpp
C+ Sort_2750.cpp
[5 B 2750
cursor_module.py
Get_out_bax.py
multibus_18868.exe
[5 Red_Black_Tree
Red_BIack_Tree.exe
[5 sample
++ sample.cpp
> OUTLINE
> TIMELINE
v VS CODE POKÉMON
x
x
Problems
Output Debug Console
main [X!?] via
Study_codes on
Terminal Ports
v3.12.3 took 8s
1
v VS CODE PETS
main* O
@ ) & C:/Users/user/anaconda3/python .exe c:/Users/user/De
. py
13
1
5
@oA1
Ctrl+K to generate e command
W 0 Debug C/C++ (macOS) (Study_codes) Python 3.12.3 ('base.
pwsh
Python
Python
Python Debug C...
Ø Prettier
1:33
2025-06-17","Korean","기음
새로운 채팅
Q 검색 채팅
도서관
Cadex
소라
GPT
A1 비디오 메이커 8 '
새로운 프로젝트
채팅
-N을 설정하십시오
OLED 대 LCD
Baekiaan Online Jud x
4 10
1223
20
43
50
60
72
엑스
영형
세트
= GPT-4-5
01 Xiai
엑스
iudqe.u-aizu.ac.ip/또는
엑스
파일
편집하다
선택
보다
가다
alds1_7_3.py- 연구 _codes- 커서
chatgpt.com/c/6850B6DD-7230-800B-8259
chatgpt
4.5 v
-26991 D9464D2? modi
01
해결되었습니다
01
2025_06> 알고리즘> aizuoniinegudge> alds1_7_b.py
1
8 (어린이,
깊이+l)
(형제, 8과 같은 깊이)
O (형제, 같은 깊이
비)
나는 - E (어린이,
깊이+l)
D 사본
D 사본
Google
• O 편집
• O 편집
수학
기음
01
711+21 7111K
• +71
Langserve Ollama Vector DS ..
c + + at : an
Fastapl Flutter
나는 - hchl
계획을 봅니다
무제한 액세스 : 팀 기능,
그리고 더
2.
21
무엇이든 물어보세요
+ O- 도구
74 A h
71121
Oldhrhol 77æ.1- =
Chatgpt는 실수를 할 수 있습니다. 중요한 정보를 확인하십시오.
-€ 4
9
공유하다
2025-06-17
v 연구 코드
v 2025 06
v 알고리즘
Aizuoniinegudge
C ++ aldsi
_1_D.CPP
C ++ ALDS1_2_D.CPP
C+ aldsi
_3_A.CPP
[5 Aldsi 3 d
C+ ALDS1_3_D.CPP
C+ aldsi
C+ al ds 1
_4_B.CPP
C ++ aldsi
_4_C.CPP
C ++ al ds 1
_4_D.CPP
C+ aldsi
_5_A.CPP
al ds 1
_5_A.PY
C+ aldsi
_5_C.CPP
ü aldsi
5 C.exe
al ds 1
_6_A.PY
al ds 1
_6_C.PY
aldsi
_7_APY
aldsi
_7_A.PY
C+ QQ.CPP
백조안
2960.py
C+ Multibus_18868.cpp
c+ sort_2750.cpp
[5 B 2750
cursor_module.py
get_out_bax.py
multibus_18868.exe
[5 red_black_tree
red_biack_tree.exe
[5 샘플
++ 샘플 .cpp
> 개요
> 타임 라인
V 대 코드 포켓몬
엑스
엑스
문제
출력 디버그 콘솔
메인 [x!?]을 통해
연구 _codes on
터미널 포트
v3.12.3은 8 초를 차지했습니다
1
V 대 코드 애완 동물
메인* o
@) & c :/user/user/anaconda3/python .exe c :/user/user/de
. 파이
13
1
5
@oa1
ctrl+k를 생성하려면 e 명령을 생성합니다
W 0 디버그 C/C ++ (MACOS) (Study_Codes) Python 3.12.3 ( 'Base.
PWSH
파이썬
파이썬
파이썬 디버그 c ...
Ø 더 예쁘다
1:33
2025-06-17"
"Google","English","algebra","Korean","대수학

명사:
    대수학 (algebra)
    대수 교과서 (algebra)
    대수 논문 (algebra)"
"Google","English","preserved","Korean","보존

형용사:
    보호한 (preserved)"
"Google","English","session","Korean","세션

명사:
    세션 (session)
    회의 (conference, session, synod, Soviet, scepticism)
    회기 (session, anniversary of death, date of return)
    학기 (term, session)
    기간 (period, term, span, session, tract)
    활동 (activity, action, session, stir)
    법원 (courthouse, session)
    개회중임 (session)
    개정중임 (session)"
"Google","English","instant-gratification","Korean","즉각적인 인식"
"Google","Indonesian","muggy-smalt-axolotl-pembus","Korean","muggy-smalt-axolotl-pemembus"
"Google","English","resource","Korean","의지

명사:
    의지 (will, intention, resort, intent, volition, resource)
    만일의 경우의 의지 (resource)"
"Google","English","participants","Korean","참가자들

명사:
    참가자 (participant, entrant, entry, participator, intrant)"
"Google","English","introduced","Korean","소개

동사:
    끼워 넣다 (insert, sandwich, telescope, implant, inlet, introduce)
    도입하다 (introduce)
    소개하다 (introduce, present, evacuate)"
"Google","English","controversial","Korean","논란이 많은

형용사:
    논쟁의 (polemic, controversial)
    논쟁을 좋아하는 (controversial, litigious)"
"Google","English","decision","Korean","결정

명사:
    결정 (decision, crystal, action, conclusion, settling)
    판결 (judgment, decision, sentence, adjudication, holding, judgement)
    결단력 (decision, resolve)
    판정승 (decision)
    단 (stage, column, section, dan, sheaf, decision)
    요정 (fairy, genie, restaurant, sprite, fay, decision)
    ...하려는 결심 (decision)"
"Google","English","infancy","Korean","초기

명사:
    초기 (beginning, the early days, infancy, prime, incunabula, morning)
    초창기 (infancy, youth)
    유소 (infancy)
    미성년 (minority, nonage, infancy)"
"Google","English","We thought it was important to make Kaggle more than a place where competitions are solved behind closed digital doors.","Korean","우리는 닫힌 디지털 문 뒤에서 경쟁이 해결되는 곳보다 Kaggle을 더 많이 만드는 것이 중요하다고 생각했습니다."
"Google","English","essentially a blinking cursor in a docker container","Korean","기본적으로 도커 컨테이너의 깜박이는 커서"
"Google","English","teenage","Korean","십대

형용사:
    열대의 (tropical, teen, teenage)"
"Google","English","interface","Korean","인터페이스"
"Google","English","iterated","Korean","반복"
"Google","English","several","Korean","여러 개의

대명사:
    수개 (several)

형용사:
    몇몇의 (several)
    따로따로의 (several)
    여러 가지의 (multifarious, varied, variant, several)
    단독의 (solo, sole, several)"
"Google","English","holdout","Korean","홀드 아웃

동사:
    내밀다 (hold out, reach, shoot, throw, pop out)
    가까이 못오게 하다 (hold off, hold out)
    지탱하다 (keep up, bear up, hold out, buoy, last, carry)
    누이다 (hold out, lay down, get washed in limewater, couch)"
"Google","English","particular","Korean","특정한

형용사:
    특별한 (special, particular, exceptional, extra, especial)
    각별한 (particular, extra special)
    상세한 (detailed, intimate, particular, circumstantial, minute)
    꼼꼼한 (scrupulous, prim, careful, sedulous, exact, particular)
    개개의 (individual, particular)
    특칭적인 (particular)

명사:
    상세 (particular, particulars, particularity, ancient times)
    특칭 (particular)
    특색 (feature, coloration, colouration, particular, hue, stripe)
    건 (key, case, tendon, sinew, head cover made of cloth, particular)
    ...의 건 (particular)"
"Google","English","in particular deploying them when we would have otherwise substituted a two-stage competition","Korean","특히 2 단계 경쟁을 대체했을 때 특히 배포"
"Google","English","otherwise","Korean","그렇지 않으면

형용사:
    그렇지 않으면 (otherwise)
    다른 방법의 (otherwise)
    기타의 점의 (otherwise)

부사:
    그렇지 않는 (otherwise)
    다른 방법으로 (otherwise)
    기타의 점에서 (otherwise)"
"Google","English","substituted","Korean","대체

동사:
    바꾸다 (change, shift, switch, alter, transform, replace)
    역할을 대신하다 (substitute)"
"Google","English","deploying","Korean","배포

동사:
    전개하다 (develop, evolve, deploy)
    전개시키다 (deploy, spread)"
"Google","English","However","Korean","하지만

부사:
    하나 (once, however)

접속사:
    도대체 어떻게 해서 ...이냐 (however)"
"Google","English","asynchronous","Korean","비동기

형용사:
    비동시성의 (asynchronous)"
"Google","English","imperfect","Korean","불완전한

형용사:
    불완전한 (incomplete, imperfect, faulty, lame, half-baked)
    미완료의 (imperfect)

명사:
    미완료 시제 (imperfect)

동사:
    불완전하다 (imperfect, halt)"
"Google","English","concluded","Korean","결론

동사:
    끝내다 (finish, terminate, close, conclude, break up, put an end)
    끝나다 (end, finish, terminate, close, conclude, expire)
    결론을 내리다 (conclude)
    결정하다 (decide, conclude, settle, fix, crystallize, negotiate)
    결의하다 (resolve, decide, purpose, conclude)
    결심하다 (determine, resolve, make up one's mind, decide, conclude)
    말을 맺다 (conclude)
    매듭짓다 (knot, conclude)"
"Google","English","heartbreak","Korean","비탄

명사:
    비탄 (heartbreak, mourning, lamentation, lament, wail, teen)
    단장 (heartbreak, toilet, walking stick, literary fragment, commandant, low fence)"
"Google","English","leaving them with no way to correct tiny errors that spoil months of hard work.","Korean","몇 달의 노력을 망치는 작은 오류를 수정할 수있는 방법이 없습니다."
"Google","English","leaving","Korean","퇴거

명사:
    퇴거 (retirement, leaving, recession)"
"Google","English","spoil","Korean","약탈

명사:
    약탈 (plunder, pillage, spoil, sack, sacking, rape)
    관직 (government office, spoil)
    목적물 (prize, game, spoil, prise)
    미끼 (bait, spoil)
    발견물 (find, finding, spoil)
    발굴에 따라 버리는 흙 (spoil)

동사:
    망치다 (spoil, destroy, gum up, unmake, screw up, crab)
    잡치다 (spoil, murder)
    버리다 (forsake, dump, desert, cast away, abandon, spoil)
    깨다 (break, awake, spoil, become sober, chip)
    물다 (bite, pay, snap, spoil, tooth)
    성격을 버리다 (spoil)
    성질을 버리다 (spoil)
    응석받다 (indulge, spoil)
    대대적으로 서비스하다 (spoil)
    만족하지 못하게 하다 (spoil)
    냑탈하다 (spoil)
    나빠지다 (go bad, deteriorate, go off, bastardize, spoil, fell)
    ...하기를 갈망하다 (spoil)"
"Google","English","substantial","Korean","상당한

형용사:
    실질적인 (substantial)
    중요한 (significant, substantial, fundamental, considerable, grand, weighty)
    본질적인 (essential, substantial, organic)
    실질의 (substantial)
    자산이 있는 (substantial)"
"Google","English","tweak","Korean","비틀기

명사:
    비틀기 (tweak, wrench, contortion, wrest)
    동요 (shake, agitation, sway, commotion, wobble, tweak)
    잡아당기기 (tweak)
    시스템의 소수 변경 (tweak)

동사:
    비틀다 (screw, gnarl, slew round, tweak, wrench, wrest)
    정신장애를 일으키다 (tweak)
    정신 선경경련을 일으키다 (tweak)"
"Google","English","withheld","Korean","보류

동사:
    억누르다 (constrain, repress, hold down, withhold, conquer, crucify)
    보류하다 (reserve, withhold, shelve, waive)
    임금에서 공제하다 (withhold)
    그만두다 (stop, quit, cease, discontinue, give up, abandon)"
"Google","English","proper","Korean","적절한

형용사:
    적절한 (proper, right, pertinent, apt, relative, apposite)
    적당한 (suitable, appropriate, proper, right, modest, fit)
    타당한 (proper, advisable)
    지당한 (proper)
    예절 바른 (decent, proper, well-bred)
    독특한 (peculiar, special, exclusive, individual, proper)
    완전한 (complete, full, perfect, entire, integral, proper)
    엄격한 의미에서의 (proper)
    자기의 (personal, self-registering, porcellaneous, autobiographic, proper)

부사:
    완전히 (completely, all, thoroughly, utterly, wholly, proper)"
"Google","English","rigorous","Korean","엄밀한

형용사:
    엄밀한 (strict, rigorous)
    혹독한 (rigorous)
    규칙 등이 혹독한 (rigorous)
    기후 등이 혹독한 (rigorous)
    사람 등이 혹독한 (rigorous)"
"Google","English","offer","Korean","권하다

명사:
    제공 (offer, production)
    결혼 신청 (offer)
    기도 (prayer, airway, attempt, devotions, invocation, offer)
    팔 상품의 제공 (offer)
    신청가격 (offer)

동사:
    팔려고 내놓다 (put up, offer)
    권하다 (offer, recommend, advise, commend)
    바치다 (devote, give, offer, dedicate, be mad about, consecrate)
    나타나다 (appear, come out, show up, emerge, manifest, offer)
    제공하다 (offer, cater for, put up, afford, give)
    제시하다 (exhibit, offer, set up)
    ...하려고 하다 (do one's best, essay, think, offer)
    어떤 값으로 물품을 팔려고 내놓다 (offer)
    제의하다 (offer, move, set forward, vote)
    구혼하다 (propose, offer, spark)
    제물을 바치다 (offer)
    헌정하다 (offer, dedicate)"
"Google","English","varieties","Korean","품종

명사:
    종류 (kind, sort, class, category, species, variety)
    변화 (change, variation, shift, transition, alteration, variety)
    모은 것 (variety, budget)
    버라이어티 연예 (variety)"
"Google","English","intend","Korean","의도하다

동사:
    작정이다 (intend)
    생각하다 (guess, think, intend, ponder, imagine, suppose)
    의도하다 (intend, purpose, calculate)
    충당하려고 하다 (intend)
    의미하다 (mean, signify, infer, intend, entail)"
"Google","English","fewer","Korean","보다 적은"
"Google","English","confusing","Korean","혼란 스럽습니다

동사:
    휘두르다 (wield, brandish, flourish, confuse, make a puppet of, swish)
    혼란하다 (be deranged, confuse, make a balls-up)
    혼동하다 (confuse, confound, mix up)
    어리둥절하게 하다 (embarrass, flummox, maze, confuse, befuddle, befog)"
"Google","English","be able to","Korean","할 수 있습니다"
"Google","English","leeway","Korean","여지

명사:
    여지 (space, leeway, litchi, lychee, elbowroom)
    풍압 (wind pressure, leeway, wind loading)
    손실 (loss, leeway, losings)
    시간의 손실 (leeway)
    공간 따위의 여지 (leeway)
    시간 따위의 여지 (leeway)
    금전 따위의 여지 (leeway)"
"Google","English","to intervene if it fails.","Korean","실패하면 개입합니다."
"Google","English","familiar","Korean","친숙한

형용사:
    익숙한 (familiar, accustomed, used, wonted)
    잘 알고 있는 (familiar, knowing, well-informed)
    친한 (friendly, familiar, old, pally, hail-fellow, well-known)
    격의 없이 대할 수 있는 (familiar)
    길들인 (tame, familiar)
    거리낌없이 대할 수 있는 (familiar)
    정도 이상으로 친하게 구는 (familiar)
    관계가 있는 (relational, connected, familiar)"
"Google","English","available in a traditional competition.","Korean","전통적인 경쟁에서 사용할 수 있습니다."
"Google","English","We will run all submissions against the private data, not just selected ones. Participants will get the complete and familiar public/private scores available in a traditional competition.","Korean","선택한 데이터뿐만 아니라 개인 데이터에 대한 모든 제출물을 실행합니다. 참가자는 전통적인 경쟁에서 완전하고 친숙한 공개/개인 점수를 얻을 수 있습니다."
"Google","English","against","Korean","~에 맞서

전치사:
    ...에 반대하여 (against, contra)
    ...에 거슬러서 (against)
    ...에 불리하게 (against)
    ...에 부딪쳐서 (against)
    ...에 기대에서 (against)
    ...에 기대어 세우고 (against)
    ...을 배경으로 하여 (against)
    ...에 대비하여 (against)
    ...와 교환으로 (against, for)"
"Google","English","released","Korean","출시된

동사:
    터놓다 (release, unlock)
    풀어놓다 (release)
    놓아주다 (let out, release, whistle down the wind)
    석방하다 (release, enfranchise, enlarge, manumit, turn up)
    방면하다 (release, absolve)
    개봉하다 (unseal, release)
    영화를 개봉하다 (release)
    포기하다 (abandon, renounce, waive, back down, cast off, put away)
    기권하다 (abstain, renounce, relinquish, sequester, release)"
"Google","English","leaderboard","Korean","리더 보드"
"Google","English","low-stakes","Korean","낮은 스테이크"
"Google","English","stakes","Korean","스테이크

명사:
    말뚝 (pile, piles, peg, stake, pale)
    이해 관계 (interest, stake)
    내기 (bet, betting, wager, stake)
    화형주 (stake)
    내기에 건 돈 (stake)

동사:
    걸다 (hang, stake, bet, hitch, pick, hang up)
    말뚝에 매다 (stake)
    말뚝으로 둘러싸다 (stake)"
"Google","English","trial","Korean","재판

명사:
    시도 (attempt, trial, crack, shy, fling, smack)
    시련 (trial, probation)
    공판 (trial)
    심 (core, padding, trial, lead, mind, wick)
    심리 (trial, mentality, inquest, cognizance)
    성가신 사람 (trial)
    성가신 것 (nuisance, trial)
    해보려는 열의 (trial)
    제품 원료의 견본 (trial)

형용사:
    시험적인 (tentative, probationary, trial)
    공판의 (trial)"
"Google","English","implementation.","Korean","구현.

명사:
    이행 (implementation, fulfillment, veering, fulfilment)"
"Google","English","This competition is a low-stakes, trial-run introduction to our new synchronous KO implementation.","Korean","이 경쟁은 새로운 동기식 KO 구현에 대한 지분이 낮은 평가판 실행 소개입니다."
"Google","English","complicated","Korean","복잡한

형용사:
    복잡한 (complex, complicated, Byzantine, knobby, involute)"
"Google","English","mechanics","Korean","역학

명사:
    역학 (dynamics, mechanics, epidemiology, science of divination)
    기능적 구조 (mechanics)
    기계적인 부분 (mechanics)"
"Google","English","While it may feel like a normal KO competition, there are complicated new mechanics in play, such as the selection logic of Kernels that are still running when the deadline passes.","Korean","일반적인 KO 경쟁처럼 느껴질 수 있지만, 마감일이 지나면 여전히 실행중인 커널의 선택 논리와 같은 복잡한 새로운 역학이 있습니다."
"Google","English","authentic","Korean","진본인

형용사:
    진정한 (authentic, unalloyed, sterling)
    믿을 만한 (authentic, believable, receivable)
    인증된 (authentic)"
"Google","English","Evaluation","Korean","평가

명사:
    평가 (evaluation, assessment, rating, valuation, estimate, account)"
"Google","English","probability","Korean","개연성

명사:
    개연성 (probability)
    있을 법한 일 (probability)
    일어날 법한 일 (probability)
    있을 법한 사건 (probability)
    일어날 법한 사건 (probability)"
"Google","English","predicted","Korean","예측"
"Google","English","observed","Korean","관찰되었습니다

동사:
    관찰하다 (observe, envisage)
    인지하다 (recognize, observe)
    관찰에 의하여 인지하다 (observe)
    준수하다 (observe, excel in talent and elegance)
    규칙 따위를 준수하다 (observe)
    진술하다 (set forth, observe, qualify, show, predicate)
    소견을 말하다 (observe)"
"Google","English","Requirements","Korean","요구 사항

명사:
    요구물 (requirement, request)"
"Google","English","unseen","Korean","보이지 않는 것

명사:
    보이지 않는 것 (unseen)

형용사:
    눈에 보이지 않는 (invisible, imperceptible, unseen, blind)
    아직 본 일이 없는 (unseen)
    즉석의 (extemporary, off-the-cuff, pickup, offhand, offhanded, unseen)"
"Google","English","In order","Korean","순서대로

부사:
    순서대로 (in order)
    정연하게 (in order)
    좋은 상태로 (in order)
    규칙에 맞도록 (in order)
    의사 규칙에 맞도록 (in order)
    적절하여 (to the point, in order)
    유행의 (in order)"
"Google","English","In order for the ""Submit to Competition"" button","Korean","""경쟁 제출""버튼을 위해"
"Google","English","either","Korean","어느 하나

대명사:
    어느 한 쪽 (either)
    어느 쪽도 (either)
    어느 쪽인가 (either)

부사:
    ...도 또한 (also, either)
    ...도 또한 ...않다 (either)
    ...이라고는 하지만 (either)
    ...은 아니다 (either)"
"Google","English","specific","Korean","특정한

형용사:
    특유한 (specific, appropriate)
    특효 있는 (specific)
    분명히 나타난 (evident, specific)
    종의 (side, specific)
    비의 (pluvial, pluvious, rainy, Viennese, specific)

명사:
    명세 (details, specific)
    특정한 것 (specific)
    특별한 것 (special, specific, extra)"
"Google","English","This is necessary","Korean","이것은 필요합니다"
"Google","English","prevent","Korean","예방하다

동사:
    막다 (obstruct, occlude, block, keep off, prevent, encumber)
    예방하다 (pay a courtesy call on, prevent)
    방지하다 (prevent, inhibit, restrain)
    회망 ...에 앞서서 처리하다 (prevent)
    의문 ...에 앞서서 처리하다 (prevent)
    ...에 앞서서 처리하다 (prevent)"
"Google","English","probing","Korean","조사

동사:
    탐침으로 찾다 (probe)
    엄밀하게 조사하다 (probe)
    규명하다 (examine closely, beat out, probe)
    진상 따위를 규명하다 (probe)"
"Google","English","This is necessary to prevent probing the private test set.","Korean","이것은 개인 테스트 세트를 조사하는 것을 방지하는 데 필요합니다."
"Google","English","In synchronous KO competitions, note that a submission that results in an error--either within the kernel or within the process of scoring","Korean","동기식 KO 경쟁에서는 커널 내에서 또는 점수를받는 과정 내에서 오류가 발생하는 제출물에 유의하십시오."
"Google","English","will count against your daily submission limit and will not return the specific error message","Korean","일일 제출 한도에 대해 계산되며 특정 오류 메시지를 반환하지 않습니다."
"Google","English","Citation","Korean","소환

명사:
    소환 (recall, summons, citation)
    인증 (certification, citation, testimony of a witness)
    감사장 (testimonial, citation)
    열거 (enumeration, citation)
    공보 속에 특기하기 (citation)"
"Google","English","anonymized","Korean","익명"
"Google","English","ashore","Korean","해변"
"Google","English","accompanying scrap of paper","Korean","동반 종이 스크랩"
"Google","English","Silly column names abound,
but the test set is a mystery.
Careful how you pick and slice,
or be left behind by history.","Korean","어리석은 칼럼 이름,
그러나 테스트 세트는 미스터리입니다.
어떻게 선택하고 슬라이스하는지 조심하십시오.
또는 역사에 의해 남겨 둡니다."
"Google","English","observe","Korean","관찰하다

동사:
    관찰하다 (observe, envisage)
    인지하다 (recognize, observe)
    관찰에 의하여 인지하다 (observe)
    준수하다 (observe, excel in talent and elegance)
    규칙 따위를 준수하다 (observe)
    진술하다 (set forth, observe, qualify, show, predicate)
    소견을 말하다 (observe)"
"Google","English","vary","Korean","달라지다

동사:
    다르다 (differ, vary)
    바꾸다 (change, shift, switch, alter, transform, vary)
    변주 하다 (vary)
    변곡 하다 (vary)
    변하다 (change, break up, vary, transform)
    변이 하다 (vary)
    변화를 가하다 (vary)
    변화하다 (turn, vary, conjugate, mutate, convert, range)
    달라지다 (alter, vary)"
"Google","English","You should structure your code so that it predicts on the public test.csv in the format specified by the public sample_submission.csv","Korean","공개 test.csv가 공개 sample_submission.csv에 의해 지정된 형식으로 코드를 예측하도록 코드를 구조화해야합니다."
"Google","English","aspects","Korean","상들

명사:
    상들 (aspects)"
"Google","English","substitutes","Korean","대체물

명사:
    대용품 (substitute, ersatz)
    대리인 (agent, representative, attorney, deputy, substitute, procurator)
    대용식품 (substitute)
    대용어 (substitute)

동사:
    바꾸다 (change, shift, switch, alter, transform, replace)
    역할을 대신하다 (substitute)"
"Google","English","When Kaggle runs your Kernel privately, it substitutes the private test set and sample submission in place of the public ones.","Korean","Kaggle이 커널을 개인적으로 실행하면 공개 테스트 세트와 샘플 제출을 대체합니다."
"Google","English","Deviation","Korean","편차

명사:
    일탈 (deviation, omission)
    탈선 (deviation, derailment, running away from a ship)
    자차 (deviation)
    일탈행위 (deviation)"
"Google","English","Quantiles","Korean","Quantiles"
"Google","French","Quant","Korean","에 관해서"
"Google","Hungarian","Kernel","Korean","핵심"
"Google","Latin","cumsum","Korean","CUMSUM"
"Google","English","Cumulative","Korean","누적

형용사:
    누적하는 (cumulative)"
"Google","English","Axes","Korean","축

명사:
    도끼 (ax, chopper, axe)
    참수 (beheading, ax, decollation, axe)
    재즈 악기 (ax, axe)

동사:
    도끼로 자르다 (axe, ax)
    대폭 삭감하다 (axe, ax)"
"Google","English","axis","Korean","중심선

명사:
    중심선 (center line, axis)
    굴대 (axle, axletree, axis)"
"Google","English","phase","Korean","단계

명사:
    단계 (step, stage, phase, echelon)
    위상 (phase)
    상 (phase, image, prize, top, aspect, table)
    사상 (thought, idea, history, event, phase, dead face)
    변화의 단계 (phase)
    발달의 단계 (phase)
    천체의 상 (phase)

동사:
    돈조시키다 (phase)
    단계적으로 실행하다 (phase)
    계획 따위를 단계적으로 실행하다 (phase)"
"Google","English","scratch","Korean","할퀴다

동사:
    할퀴다 (scratch, scrabble)
    긁다 (scratch, scrape, rake, scrabble, offend, exploit)
    긁어 모으다 (rake, rake up, scrape up, scratch)
    긁어 파다 (scratch)
    긁어서 쓰다 (scratch)
    긁어 지우다 (scratch)
    슬근슬근 긁다 (scratch)
    긁어서 표시하다 (scratch)
    갈겨쓰다 (scratch, scrawl)
    할퀴어 상처를 내다 (scratch)
    가려운 데를 긁다 (scratch)
    꾸준히 일하여 돈을 모으다 (scratch)
    후보자 이름을 지우다 (scratch)
    가치작거리다 (scratch)
    요행수로 맞다 (scratch)
    득점을 하지 못하다 (scratch)

명사:
    긁는 소리 (scratch)
    영점 (zero, zero point, blob, duck, goose egg, scratch)
    돈 (money, dough, dibs, bread, greenbacks, scratch)
    할큄 (scratch)
    출발선 (scratch, base)
    포도창 (scratch)
    가발의 일종 (scratch)

형용사:
    핸디캡 없는 (scratch)
    갈겨 쓰기 용의 (scratch)
    갈겨 잡기 용의 (scratch)
    주워모은 (scratch)
    요행으로 맞은 (scratch)"
"Google","English","Requirement already satisfied","Korean","요구 사항은 이미 만족했습니다"
"Google","English","Transpose","Korean","바꾸어 놓다

동사:
    바꾸어 놓다 (displace, transpose)
    바꾸어 넣다 (transpose)
    바꾸어 놓일 수 있다 (transpose)
    바꾸어 넣을 수 있다 (transpose)
    이항하다 (transpose)
    자리를 바꾸어 놓다 (transpose)
    이조하다 (transpose)
    교차시키다 (cross, transpose)
    전치하다 (transpose, premise)"
"Google","English","axis=1","Korean","축 = 1"
"Google","English","precision","Korean","정도

명사:
    정도 (degree, precision, justice, journey, plane)
    정확 (accuracy, precision, preciseness, rightness, closeness)"
"Google","English","You may provide full function implementations and algorithm explanations.","Korean","전체 기능 구현 및 알고리즘 설명을 제공 할 수 있습니다."
"Google","English","You have full control over how autocompletion and code suggestions work here by setting and updating your rules. Just let me know your preferences at any time!","Korean","규칙을 설정하고 업데이트하여 자동 완성 및 코드 제안이 어떻게 작동하는지 완전히 제어 할 수 있습니다. 언제든지 당신의 선호도를 알려주세요!"
"Google","English","Only provide syntax corrections, do not suggest logic or function names.","Korean","구문 수정 만 제공하고 논리 또는 기능 이름을 제안하지 마십시오."
"Google","English","Implementaion","Korean","구현"
"Google","English","Cursor Tab
Context-aware, multi-line suggestions around your cursor
based on recent edits","Korean","커서 탭
커서 주변의 맥락 인식, 멀티 라인 제안
최근 편집을 기반으로합니다"
"Google","English","Whitespace-Only Suggestions
Suggest edits like new lines and indentation that modify
whitespace only","Korean","공백 전용 제안
새로운 라인과 같은 편집 및 수정하는 계약을 제안하십시오
공백 만"
"Google","English","Imports
Automatically impan necessary modules far TypeScript","Korean","수입
필요한 모듈이 자동으로 a typescript"
"Google","English","Auta Impart far Python BETA
Enable auto import for Python. This is a beta feature.","Korean","Auta는 먼 파이썬 베타를 제공합니다
파이썬 용 자동 가져 오기를 활성화합니다. 이것은 베타 기능입니다."
"Google","English","Suggestions While Commenting
Allaw Tab to trigger while in a comment region","Korean","의견을 제시하는 동안 제안
댓글 영역에있는 동안 앨상 탭이 트리거됩니다"
"Google","English","heap","Korean","더미

명사:
    더미 (dummy, heap, mow)
    매우 (heap)
    쌓아 올린 것 (heap)
    떼 (bevy, school, shoal, cluster, pride, heap)

동사:
    쌓아 올리다 (cumulate, rick, bank up, heap, pile, upbuild)
    가리다 (settle, screen, sort out, comb hair, shy of strangers, heap)
    수북이 담다 (heap)
    산더미가 되다 (heap)"
"Google","English","print(f"" left key = {heap[i*2]},"",end="""")","Korean","print (f ""왼쪽 키 = {heap [i*2]},"", end = """")"
"Google","English","Heapify","Korean","힙"
"Google","English","extract","Korean","발췌

명사:
    추출물 (extract, extractive)
    발췌 (extract, excerption, collectanea, epitome)
    초 (second, beginning, candle, vinegar, draft, extract)

동사:
    뽑다 (pull out, extract, pull up, select, stub)
    구하다 (save, look for, buy, demand, cultivate, extract)
    뽑아내다 (pluck, extract)
    추출하다 (extract, educe)
    끌어내다 (draw out, educe, evolve, extract, retrieve)
    발췌하다 (extract, excerpt, abstract)
    초본을 만들다 (extract)
    억지로 받아내다 (extract)
    적출하다 (ship off, extract, enucleate)"
"Google","English","Priority","Korean","우선 사항

명사:
    우선 (priority, mail steamer)
    우선 할 것 (priority)
    우선 해야 할 것 (priority)
    앞서기 (precedence, precedency, priority)
    먼저임 (priority, anteriority)"
"Google","English","Hyper","Korean","하이퍼

접두사:
    저쪽의 (hyper-)"
"Google","Polish","Markup","Korean","마크 업"
"Google","English","element","Korean","요소

명사:
    요소 (element, urea, key, staple, stuff, important position)
    원소 (element)
    부대 (bag, unit, incidental, lifebuoy, crowd, element)
    원리 (principle, theorem, basics, element, principal and interest)
    기미 (sign, feeling, odor, tincture, taste, element)
    전지 (battery, cell, omniscience, lopping, element, change of air)
    사대 (collecting a suit, private university, submission to the stronger, element)
    소부대 (element)
    집단 (group, community, colony, circle, elements, element)
    성찬식의 빵과 포도주 (element)"
"Google","English","document","Korean","문서

명사:
    문서 (document, writing, writ)

동사:
    증거서류를 제공하다 (document)
    증거서류를 첨부하다 (document)
    문서로 증명하다 (document)
    증거서류로 증명하다 (document)
    상세히 보도하다 (document)
    상세히 기록하다 (document)"
"Google","English","visible","Korean","보이는

형용사:
    명백한 (apparent, clear, explicit, plain, tangible, visible)
    곧 쓸 수 있는 (visible)
    눈에 보이는 (visible, visual)
    방문자를 면회할 수 있는 (visible)
    빈번하게 뉴스에 나오는 (visible)
    시각적으로 표시된 (visible)

명사:
    눈에 보이는 것 (visible)"
"Google","English","headings","Korean","제목

명사:
    표제 (title, heading, headline, caption, rubric)
    헤딩 (heading)
    방향 (direction, way, heading, aroma, fragrance, aspect)
    목베기 (decapitation, heading)"
"Google","English","paragraphs","Korean","단락

명사:
    절 (section, clause, verse, paragraph, bow, stanza)
    구절 (paragraph, fetterlock, pause)
    짧은 기사 (paragraph, short)
    짧은 문장 (paragraph)
    문장의 절 (paragraph)
    신문의 짧은 기사 (paragraph)
    잡지의 짧은 기사 (paragraph)
    단락표 (paragraph)

동사:
    절로 나누다 (paragraph)
    문장을 절로 나누다 (paragraph)
    ...에 대해서 짧은 기사를 쓰다 (paragraph)"
"Google","English","declaration","Korean","선언

명사:
    선언 (declaration, proclamation)
    신고 (declaration, hardships)
    신고서 (declaration, bill)
    진술 (declaration, allegation, presentment, proposition, deliverance)
    언명 (declaration, enunciation, averment, dick)
    명언 (wise saying, phrase, declaration)
    득점 발표 (declaration)"
"Google","English","paragraph","Korean","절

명사:
    절 (section, clause, verse, paragraph, bow, stanza)
    구절 (paragraph, fetterlock, pause)
    짧은 기사 (paragraph, short)
    짧은 문장 (paragraph)
    문장의 절 (paragraph)
    신문의 짧은 기사 (paragraph)
    잡지의 짧은 기사 (paragraph)
    단락표 (paragraph)

동사:
    절로 나누다 (paragraph)
    문장을 절로 나누다 (paragraph)
    ...에 대해서 짧은 기사를 쓰다 (paragraph)"
"Google","English","determine","Korean","결정하다

동사:
    정하다 (set, ordain, lay down, order, shape, determine)
    끝나다 (end, finish, terminate, close, conclude, determine)
    결심시키다 (determine, decide)
    결심하다 (determine, resolve, make up one's mind, decide, conclude)
    결정하다 (decide, conclude, settle, fix, crystallize, determine)"
"Google","English","encounter","Korean","맞닥뜨리다

명사:
    교전 (engagement, encounter, war, action, belligerence, canon)
    마주침 (encounter)

동사:
    만나다 (meet, see, encounter, forgather)
    당하다 (encounter, match, feel)
    부닥치다 (encounter, butt)
    교전하다 (engage in, encounter)
    대항하다 (cope, cope with, encounter, antagonize, countervail, counterwork)"
"Google","English","upcoming","Korean","다가오는"
"Google","English","irregular","Korean","불규칙한

형용사:
    불규칙한 (irregular)
    고르지 않은 (irregular, erose)
    불법인 (injurious, irregular)
    규율이 서지 않은 (irregular)
    정규가 아닌 (back-door, irregular)
    불규칙의 (irregular)
    불규칙 변화의 (irregular)"
"Google","English","conjugated","Korean","공액

동사:
    활용시키다 (conjugate)
    변화시키다 (transmute, conjugate, mutate, turn)
    활용하다 (conjugate)
    변화하다 (turn, vary, conjugate, mutate, convert, range)
    결합하다 (unite, join, combine, weld into, conjoin, conjugate)
    접합하다 (unite, join, inosculate, scarf, bond, conjugate)
    교미하다 (copulate, couple, tup, service, conjugate)"
"Google","English","You're is used, which is a contraction of you are. The verb to be is irregular. When conjugated with you, it becomes are, as in You are an English learner. Here, you're expresses the same meaning.","Korean","당신은 당신의 수축입니다. 동사는 불규칙합니다. 당신과 함께 당신과 함께 영어 학습자와 마찬가지로, 그것은 당신과 함께됩니다. 여기에서 당신은 같은 의미를 표현합니다."
"Google","Norwegian","alt","Korean","모두"
"Google","English","element defines a paragraph","Korean","요소는 단락을 정의합니다"
"Google","English","radius","Korean","반지름

명사:
    반지름 (radius, ray)
    요골 (radius)
    반경 범위 (radius)
    복사선 (radiant rays, radius)
    바늘 (needle, pointer, point, spine, radius, cock)
    육분의 따위의 바늘 (radius)
    사분의 따위의 바늘 (radius)"
"Google","English","justify","Korean","신이 옳다고 하다

동사:
    신이 옳다고 하다 (justify)
    사람의 행위 따위를 옳다고 주장하다 (justify)
    사람의 진술 따위를 옳다고 주장하다 (justify)
    옳다고 주장하다 (justify)
    ...의 정당한 이유가 되다 (justify)
    조정하다 (mediate, arbitrate, settle, regulate, adjust, justify)
    죄인을 옳다고 하다 (justify)
    충분한 근거를 제시하다 (justify)"
"Google","English","margin","Korean","여유

명사:
    여유 (margin, clearance)
    한계 (margin, boundary, end, delimitation, pale, tether)
    가장자리 (edge, rim, margin, border, brim, verge)
    난외 (margin)
    한계에 가까운 상태 (margin)
    시간 따위의 여유 (margin)
    경비 따위의 여유 (margin)
    매매 가격의 차익금 (margin)

동사:
    ...의 난외에 쓰다 (margin)
    ...에게 보증금을 지불하다 (margin)"
"Google","English","The font-family property should hold several font names as a ""fallback"" system, to ensure maximum compatibility between browsers/operating systems. Start with the font you want, and end with a generic family (to let the browser pick a similar font in the generic family, if no other fonts are available). The font names should be separated with a comma. Read more about fallback fonts in the next chapter.","Korean","Font-Family 속성은 브라우저/운영 체제 간의 호환성을 최대한 활용하기 위해 여러 글꼴 이름을 ""폴백""시스템으로 보유해야합니다. 원하는 글꼴로 시작하여 일반적인 제품군으로 끝납니다 (다른 글꼴을 사용할 수없는 경우 브라우저가 일반 제품군에서 비슷한 글꼴을 선택할 수 있도록하십시오). 글꼴 이름은 쉼표로 분리되어야합니다. 다음 장의 폴백 글꼴에 대해 자세히 알아보십시오."
"Google","English","Serif","Korean","가는 장식 선

명사:
    가는 장식 선 (serif)"
"Google","Basque","Georgia","Korean","그루지야"
"Google","English","reference","Korean","참조

명사:
    참고 (reference, consultation)
    언급 (mention, reference)
    관련 (regard, reference, relevance, relevancy, government power)
    조회 (reference)
    위탁 (consignment, trust, commission, commitment, reference, bailment)
    증명서 (certificate, certification, testimonial, attestation, reference, warrant)
    빙고 (bingo, ice house, reference)
    검색 (retrieve, retrieval, reference)
    서적 따위의 참고 (reference)
    신원 따위의 증명서 (reference)
    신용 따위의 증명서 (reference)
    참조문 (reference)
    위원회 따위에의 위탁 (reference)

형용사:
    기준의 (reference)

동사:
    ...에 참조사항을 달다 (reference)
    ...에 부호를 달다 (reference)"
"Google","English","No downloading or installation is required!","Korean","다운로드 또는 설치가 필요하지 않습니다!"
"Google","Finnish","crossorigin","Korean","Crossorig"
"Google","English","Specify the background image in the <style> element","Korean","<style> 요소의 배경 이미지를 지정하십시오"
"Google","English","Some browsers or devices may not support all image formats. By using the <picture> element, you can add images of all formats, and the browser will use the first format it recognizes, and ignore any of the following elements.","Korean","일부 브라우저 나 장치는 모든 이미지 형식을 지원하지 않을 수 있습니다. <Papiring> 요소를 사용하면 모든 형식의 이미지를 추가 할 수 있으며 브라우저는 인식하는 첫 번째 형식을 사용하고 다음 요소를 무시합니다."
"Google","English","collapse","Korean","무너지다

명사:
    무너짐 (collapse, crash)

동사:
    접다 (fold, turn, collapse, wrap up, turn back)
    무너지다 (collapse, crumple, fall down, give way, crush, fell)
    좌절하다 (collapse)
    쇠약해지다 (waste away, collapse, wane, waste, sink, break)
    접어지다 (collapse)
    허탈하다 (collapse)
    무너뜨리다 (pull down, collapse)
    허탈케 하다 (collapse)
    와해하다 (collapse, crash)"
"Google","English","term","Korean","용어

명사:
    기간 (period, term, span, session, tract)
    학기 (term, session)
    항 (term, harbor, member, harbour)
    조건 (condition, term)
    ...어 (term)
    어 (term)
    존속 기간 (term)
    술어 (term, terminology, technics, language, slang)
    교제 관계 (term)
    한계 (margin, boundary, end, delimitation, pale, term)
    연기 (smoke, performance, fume, postponement, extension, term)
    한 (limit, grudge, term, peak)
    경계주 (term)

동사:
    이름 짓다 (term)"
"Google","English","mozilla","Korean","모질라"
"Google","English","requirements","Korean","요구 사항

명사:
    요구물 (requirement, request)"
"Google","English","max=self.nums[1]","Korean","max = self.nums [1]"
"Google","English","Shift","Korean","옮기다

명사:
    시프트 (shift)
    변화 (change, variation, shift, transition, alteration, variety)
    교대 (shift, alternation, rotation, abutment, tour)
    교체 (shift, relay, relief, reshuffle)
    수단 (Sudan, tool, instrumentation, avenue, step, instrumentality)
    손놀림 (shift, way of using one's hand)
    윤작 (crop rotation, shift)
    슈미즈 (chemise, shimmy, shift)
    벽돌 호접법 (shift)
    광맥의 단층 (shift)

동사:
    바꾸다 (change, shift, switch, alter, transform, replace)
    바뀌다 (veer, get changed, shift)
    없애다 (remove, cast away, scotch, absorb, quench, smooth)
    속이다 (chisel, diddle, deceive, delude, flam, cheat)
    미루다 (delay, infer, shift)
    ...을 이동시키다 (shift)
    전가하다 (shift, shuffle, buck)
    방향을 바꾸다 (veer, shift, wheel, cant, swing)
    계통적으로 변화시키다 (shift)
    처치하다 (shift)
    방향이 달라지다 (shift)
    이리저리 변통해서 해보다 (shift)
    기어를 바꿔 넣다 (shift)
    음이 변화하다 (shift)
    가버리다 (shag, shift)"
"Google","English","Windows","Korean","창

명사:
    창 (window, spear, lance, opening, hole, shoe sole)
    창문 (window)
    윈도 (window)
    창구 (window, hatch, wicket, cut, light)
    창틀 (window frame, sash, window, frame, window sash, reveal)
    실행 기간 (window)
    장식창 (blind window, false window, window)
    관찰할 기회 (window)
    예정기일의 차이 (window)

동사:
    창을 내다 (window)"
"Google","English","division","Korean","분할

명사:
    분할 (division, partition, divide, segmentation, separate control)
    부 (part, wealth, department, copy, division, riches)
    사단 (division, corporation, trouble)
    구분 (division, assortment, distribution)
    분배 (distribution, division, dispensation, lay, whack, share-out)
    분류 (classification, fractionation, division, torrent, system, tributary)
    불일치 (inconsistency, discord, disharmony, division, dissonance, unconformity)
    표결 (vote, division)
    반 (half, barn, group, antithesis, ban, division)
    경계선 (boundary, borderline, circumference, mark, police line, division)
    주의 일부 (division)
    자치도시의 일부 (division)"
"Google","English","if (m == 0)return true;","Korean","(M == 0)을 반환한다면;"
"Google","English","This plugin attempts to override user/workspace settings with settings found in .editorconfig files. No additional or vscode-specific files are required. As with any EditorConfig plugin, if root=true is not specified, EditorConfig will continue to look for an .editorconfig file outside of the project.","Korean","이 플러그인은 .editorconfig 파일에있는 설정으로 사용자/작업 공간 설정을 재정의하려고 시도합니다. 추가 또는 VSCODE 특정 파일이 필요하지 않습니다. EditorConfig 플러그인과 마찬가지로 root = true가 지정되지 않은 경우 EditorConfig는 프로젝트 외부에서 .editorconfig 파일을 계속 찾습니다."
"Google","English","This repository is specific to the EditorConfig Extension for Visual Studio Code. Internally, it uses the editorconfig npm package, which is one of a few EditorConfig cores available.","Korean","이 저장소는 Visual Studio Code 용 EditorConfig Extension에만 해당됩니다. 내부적으로 사용 가능한 editorConfig 코어 중 하나 인 editorConfig NPM 패키지를 사용합니다."
"Google","English","Visual Studio Code plugin that autocompletes filenames.","Korean","파일 이름을 자동 완성하는 Visual Studio 코드 플러그인."
"Google","English","Prettier is an opinionated code formatter. It enforces a consistent style by parsing your code and re-printing it with its own rules that take the maximum line length into account, wrapping code when necessary.","Korean","Pretier는 의견이 많은 Code Formatter입니다. 코드를 구문 분석하고 최대 줄 길이를 고려하여 필요할 때 코드를 래핑하는 자체 규칙으로 다시 인쇄하여 일관된 스타일을 시행합니다."
"Google","English","Tab out of quotes, brackets, etc for Visual Studio Code.","Korean","시각적 스튜디오 코드의 인용구, 괄호 등의 탭."
"Google","English","if (isCan(A, M[i], 0))cout << ""yes"" << endl;","Korean","if (iscan (a, m [i], 0)) cout << ""예""<< endl;"
"Google","English","genereated","Korean","생성"
"Google","Korean","5. cppdbg vs cppvsdbg
MinGW-gdb를 쓰신다면 type: ""cppdbg"", ""MIMode"": ""gdb"" 가 맞습니다.

하지만 MSVC 컴파일러로 빌드하셨다면,","English","5. CPPDBG vs CPPVSDBG
If you use Mingw-GDB, Type: ""CPPDBG"", ""MIMODE"": ""GDB"" is correct.

But if you build it with MSVC compiler,"
"Google","English","Pa rserError:
Line I
II
-g
ine
I Missing argument in parameter list.
-01
-fsanitize=address, undef","Korean","Pa rsererror :
라인 i
II
-g
ine
매개 변수 목록에 인수가 누락되었습니다.
-01
-fsanitize = 주소, undef"
"Google","English","Unable to start debugging. Launch options string provided by the project system is
invalid. Unable to determine path to debugger. Please specify the ""MIDebuggerPath""
option.","Korean","디버깅을 시작할 수 없습니다. 프로젝트 시스템에서 제공하는 런칭 옵션 문자열은 다음과 같습니다
유효하지 않은. 디버거 경로를 결정할 수 없습니다. ""MideBuggerPath""를 지정하십시오.
옵션."
"Google","English","Unable to start debugging. Launch options string provided by the project system is
invalid. Unable to determine path to debugger, Please specify the ""MIDebuggerPath""
option,","Korean","디버깅을 시작할 수 없습니다. 프로젝트 시스템에서 제공하는 런칭 옵션 문자열은 다음과 같습니다
유효하지 않은. 디버거 경로를 결정할 수 없으면 ""MideBuggerPath""를 지정하십시오.
옵션,"
